id,id,investigation.study assays,study.characteristics,study.characteristics,study.characteristics,study.characteristics,study.characteristics,study.characteristics,file
accession,assay name,study assay technology type,organism,organism.term accession number,organism.term source ref,material type,material type.term accession number,material type.term source ref,category
OSD-1,OSD-1_transcription-profiling_dna-microarray,DNA microarray,Drosophila melanogaster,http://purl.bioontology.org/ontology/NCBITAXON/7227,NCBITAXON,whole organism,http://purl.obolibrary.org/obo/UBERON_0000468,EFO,GeneLab Processed Microarray Data Files
OSD-3,E-GEOD-23880_GeneChip_assay,DNA microarray,Drosophila melanogaster,http://purl.bioontology.org/ontology/NCBITAXON/7227,NCBITAXON,,,,GeneLab Processed Microarray Data Files
OSD-4,OSD-4_transcription-profiling_dna-microarray_affymetrix,DNA microarray,Mus musculus,http://purl.bioontology.org/ontology/NCBITAXON/10090,NCBITAXON,thymus,http://purl.obolibrary.org/obo/UBERON_0002370,EFO,GeneLab Processed Microarray Data Files
OSD-6,e-geod-6299_transcription_profiling_DNA_microarray,DNA microarray,Rattus norvegicus,http://purl.bioontology.org/ontology/NCBITAXON/10116,NCBITAXON,,,,GeneLab Processed Microarray Data Files
OSD-7,E-MTAB-1264_GeneChip_assay,DNA microarray,Arabidopsis thaliana,http://purl.bioontology.org/ontology/NCBITAXON/3702,NCBITAXON,,,,GeneLab Processed Microarray Data Files
OSD-13,E-GEOD-38836_GeneChip_assay,DNA microarray,Homo sapiens,http://purl.org/obo/owl/CLCL_0000084,EFO,,,,GeneLab Processed Microarray Data Files
OSD-14,e-geod-16970_transcription_profiling_DNA_microarray,DNA microarray,Pseudomonas aeruginosa,http://purl.bioontology.org/ontology/NCBITAXON/287,NCBITAXON,,,,GeneLab Processed Microarray Data Files
OSD-15,e-geod-22684_transcription_profiling_DNA_microarray,DNA microarray,Pseudomonas aeruginosa,http://purl.bioontology.org/ontology/NCBITAXON/287,NCBITAXON,,,,GeneLab Processed Microarray Data Files
OSD-17,E-MTAB-1009_GeneChip_assay,DNA microarray,Arabidopsis thaliana,http://purl.bioontology.org/ontology/NCBITAXON/3702,NCBITAXON,,,,GeneLab Processed Microarray Data Files
OSD-19,E-GEOD-1105_GeneChip_assay,DNA microarray,Rattus norvegicus,http://purl.bioontology.org/ontology/NCBITAXON/10116,NCBITAXON,Medial collateral ligament,http://purl.org/sig/ont/fma/fma305650,FMA,GeneLab Processed Microarray Data Files
OSD-21,gse10533_transcription_profiling_DNA_microarray,DNA microarray,Mus musculus,http://purl.bioontology.org/ontology/NCBITAXON/10090,NCBITAXON,calf muscle,,,GeneLab Processed Microarray Data Files
OSD-21,gse10533_transcription_profiling_DNA_microarray,DNA microarray,Mus musculus,http://purl.bioontology.org/ontology/NCBITAXON/10090,NCBITAXON,gastrocnemius,http://purl.obolibrary.org/obo/UBERON_0001388,UBERON,GeneLab Processed Microarray Data Files
OSD-22,OSD-22_transcription-profiling_dna-microarray_agilent,DNA microarray,Arabidopsis thaliana,http://purl.bioontology.org/ontology/NCBITAXON/3702,NCBITAXON,Plant Roots,http://purl.bioontology.org/ontology/MESH/D018517,MESH,GeneLab Processed Microarray Data Files
OSD-25,sts-135_liver_transcriptomics_data_transcription_profiling_DNA_microarray,DNA microarray,Mus musculus,http://purl.bioontology.org/ontology/NCBITAXON/10090,NCBITAXON,liver,http://purl.obolibrary.org/obo/UBERON_0002107,EFO,GeneLab Processed Microarray Data Files
OSD-26,glds-26_metagenome_profiling_amplicon_sequencing_assay,amplicon sequencing assay,cellular organisms,http://purl.bioontology.org/ontology/NCBITAXON/131567,NCBITAXON,Cells,http://purl.bioontology.org/ontology/MESH/D002477,MESH,GeneLab Processed Diversity Amplicon Files
OSD-27,E-MEXP-2082_GeneChip_assay,DNA microarray,Drosophila melanogaster,http://purl.bioontology.org/ontology/NCBITAXON/7227,NCBITAXON,,,,GeneLab Processed Microarray Data Files
OSD-29,E-GEOD-17696_GeneChip_assay,DNA microarray,Mus musculus,http://purl.bioontology.org/ontology/NCBITAXON/10090,NCBITAXON,,,,GeneLab Processed Microarray Data Files
OSD-30,GLDS-30_microarray_metadata,DNA microarray,Mus musculus,http://purl.bioontology.org/ontology/NCBITAXON/10090,NCBITAXON,,,,GeneLab Processed Microarray Data Files
OSD-34,E-GEOD-33801_GeneChip_assay,DNA microarray,Drosophila melanogaster,http://purl.bioontology.org/ontology/NCBITAXON/7227,NCBITAXON,,,,GeneLab Processed Microarray Data Files
OSD-35,E-GEOD-36358_GeneChip_assay,DNA microarray,Caenorhabditis elegans,http://purl.org/obo/owl/NCBITaxonNCBITaxon_6239,EFO,,,,GeneLab Processed Microarray Data Files
OSD-36,e-mexp-2064_transcription_profiling_DNA_microarray,DNA microarray,Drosophila melanogaster,http://purl.bioontology.org/ontology/NCBITAXON/7227,NCBITAXON,,,,GeneLab Processed Microarray Data Files
OSD-37,bric19-b_transcription_profiling_RNA_Sequencing_(RNA-Seq),RNA Sequencing (RNA-Seq),Arabidopsis thaliana,http://purl.bioontology.org/ontology/NCBITAXON/3702,NCBITAXON,Seedlings,http://purl.bioontology.org/ontology/MESH/D036226,MESH,GeneLab Processed RNA-Seq Files
OSD-38,bric-20_transcription_profiling_RNA_Sequencing_(RNA-Seq),RNA Sequencing (RNA-Seq),Arabidopsis thaliana,http://purl.bioontology.org/ontology/NCBITAXON/3702,NCBITAXON,Seedling,http://purl.bioontology.org/ontology/MESH/D036226,MESH,GeneLab Processed RNA-Seq Files
OSD-38,proteomics,mass spectrometry,Arabidopsis thaliana,http://purl.bioontology.org/ontology/NCBITAXON/3702,NCBITAXON,Seedling,http://purl.bioontology.org/ontology/MESH/D036226,MESH,GeneLab Processed RNA-Seq Files
OSD-42,GLDS-42_microarray_metadata,DNA microarray,Caenorhabditis elegans,http://purl.bioontology.org/ontology/NCBITAXON/6239,NCBITAXON,,,,GeneLab Processed Microarray Data Files
OSD-43,E-GEOD-40648_GeneChip_assay,DNA microarray,Escherichia coli,http://purl.bioontology.org/ontology/NCBITAXON/562,NCBITAXON,,,,GeneLab Processed Microarray Data Files
OSD-44,e-mtab-3011_transcription_profiling_DNA_microarray,DNA microarray,Arabidopsis thaliana,http://purl.bioontology.org/ontology/NCBITAXON/3702,NCBITAXON,whole organism,,,GeneLab Processed Microarray Data Files
OSD-46,E-GEOD-61484_GeneChip_assay,DNA microarray,Arabidopsis thaliana,http://purl.bioontology.org/ontology/NCBITAXON/3702,NCBITAXON,,,,GeneLab Processed Microarray Data Files
OSD-47,OSD-47_dna-methylation-profiling_whole-genome-bisulfite-sequencing_illumina,Whole Genome Bisulfite Sequencing,Mus musculus,http://purl.bioontology.org/ontology/NCBITAXON/10090,NCBITAXON,Liver,http://purl.bioontology.org/ontology/MESH/D008099,MESH,GeneLab Processed RNA-Seq Files
OSD-47,OSD-47_molecular-cellular-imaging_microscopy_ pannoramic scan (3d histech),Microscopy,Mus musculus,http://purl.bioontology.org/ontology/NCBITAXON/10090,NCBITAXON,Liver,http://purl.bioontology.org/ontology/MESH/D008099,MESH,GeneLab Processed RNA-Seq Files
OSD-47,OSD-47_protein-expression-profiling_mass-spectrometry_ltq orbitrap velos(thermo scientific),mass spectrometry,Mus musculus,http://purl.bioontology.org/ontology/NCBITAXON/10090,NCBITAXON,Liver,http://purl.bioontology.org/ontology/MESH/D008099,MESH,GeneLab Processed RNA-Seq Files
OSD-47,OSD-47_transcription-profiling_rna-sequencing-(rna-seq)_illumina,RNA Sequencing (RNA-Seq),Mus musculus,http://purl.bioontology.org/ontology/NCBITAXON/10090,NCBITAXON,Liver,http://purl.bioontology.org/ontology/MESH/D008099,MESH,GeneLab Processed RNA-Seq Files
OSD-48,OSD-48_dna-methylation-profiling_whole-genome-bisulfite-sequencing_illumina,Whole Genome Bisulfite Sequencing,Mus musculus,http://purl.bioontology.org/ontology/NCBITAXON/10090,NCBITAXON,Liver,http://purl.bioontology.org/ontology/MESH/D008099,MESH,GeneLab Processed RNA-Seq Files
OSD-48,OSD-48_molecular-cellular-imaging_microscopy_pannoramic scan (3d histech),Microscopy,Mus musculus,http://purl.bioontology.org/ontology/NCBITAXON/10090,NCBITAXON,Liver,http://purl.bioontology.org/ontology/MESH/D008099,MESH,GeneLab Processed RNA-Seq Files
OSD-48,OSD-48_protein-expression-profiling_mass-spectrometry_orbitrap fusion(thermo scientific),mass spectrometry,Mus musculus,http://purl.bioontology.org/ontology/NCBITAXON/10090,NCBITAXON,Liver,http://purl.bioontology.org/ontology/MESH/D008099,MESH,GeneLab Processed RNA-Seq Files
OSD-48,OSD-48_rna-methylation-profiling_whole-transcriptome-bisulfite-sequencing_illumina,Whole Transcriptome Bisulfite Sequencing,Mus musculus,http://purl.bioontology.org/ontology/NCBITAXON/10090,NCBITAXON,Liver,http://purl.bioontology.org/ontology/MESH/D008099,MESH,GeneLab Processed RNA-Seq Files
OSD-48,OSD-48_transcription-profiling_rna-sequencing-(rna-seq)_illumina,RNA Sequencing (RNA-Seq),Mus musculus,http://purl.bioontology.org/ontology/NCBITAXON/10090,NCBITAXON,Liver,http://purl.bioontology.org/ontology/MESH/D008099,MESH,GeneLab Processed RNA-Seq Files
OSD-49,OSD-49_dna-methylation-profiling_nucleotide-sequencing_illumina,nucleotide sequencing,Mus musculus,http://purl.bioontology.org/ontology/NCBITAXON/10090,NCBITAXON,Liver,http://purl.bioontology.org/ontology/MESH/D008099,MESH,GeneLab Processed RNA-Seq Files
OSD-49,OSD-49_protein-expression-profiling_mass-spectrometry_ltq orbitrap velos(thermo scientific),mass spectrometry,Mus musculus,http://purl.bioontology.org/ontology/NCBITAXON/10090,NCBITAXON,Liver,http://purl.bioontology.org/ontology/MESH/D008099,MESH,GeneLab Processed RNA-Seq Files
OSD-49,OSD-49_transcription-profiling_rna-sequencing-(rna-seq)_illumina,RNA Sequencing (RNA-Seq),Mus musculus,http://purl.bioontology.org/ontology/NCBITAXON/10090,NCBITAXON,Liver,http://purl.bioontology.org/ontology/MESH/D008099,MESH,GeneLab Processed RNA-Seq Files
OSD-50,BoneMac_GeneChip_assay,DNA microarray,Mus musculus,http://purl.bioontology.org/ontology/NCBITAXON/10090,NCBITAXON,,,,GeneLab Processed Microarray Data Files
OSD-52,E-GEOD-43582_GeneChip_assay,DNA microarray,Homo sapiens,http://purl.org/obo/owl/NCBITaxonNCBITaxon_9606,EFO,,,,GeneLab Processed Microarray Data Files
OSD-59,prjdb2020_transcription_profiling_RNA_Sequencing_(RNA-Seq),RNA Sequencing (RNA-Seq),Brassica rapa,http://purl.bioontology.org/ontology/NCBITAXON/3711,NCBITAXON,leaf,http://purl.obolibrary.org/obo/PO_0025034,PAE,GeneLab Processed RNA-Seq Files
OSD-61,e-mtab-2871_transcription_profiling_DNA_microarray,DNA microarray,Mus musculus,http://purl.bioontology.org/ontology/NCBITAXON/10090,NCBITAXON,Skin,http://purl.org/obo/owlapi/fmaFMA_7163,BIOMODELS,GeneLab Processed Microarray Data Files
OSD-62,E-GEOD-64468_GeneChip_assay,DNA microarray,Saccharomyces cerevisiae,http://purl.bioontology.org/ontology/NCBITAXON/4932,NCBITAXON,,,,GeneLab Processed Microarray Data Files
OSD-63,E-GEOD-12132_GeneChip_assay,DNA microarray,Rattus norvegicus,http://purl.bioontology.org/ontology/NCBITAXON/10116,NCBITAXON,,,,GeneLab Processed Microarray Data Files
OSD-69,mt-1_metagenomics_metagenome_sequencing_nucleotide_sequencing,nucleotide sequencing,cellular organisms,http://purl.bioontology.org/ontology/NCBITAXON/131567,NCBITAXON,Cells,http://purl.bioontology.org/ontology/MESH/D002477,MESH,GeneLab Processed Metagenomics Files
OSD-70,gse33779_transcription_profiling_DNA_microarray,DNA microarray,Drosophila melanogaster,http://purl.bioontology.org/ontology/NCBITAXON/7227,NCBITAXON,,,,GeneLab Processed Microarray Data Files
OSD-71,e-geod-64375_transcription_profiling_DNA_microarray,DNA microarray,Homo sapiens,http://purl.obolibrary.org/obo/NCBITaxon_9606,EFO,"blood, isolated leukocytes",,,GeneLab Processed Microarray Data Files
OSD-72,gse68738_metagenome_profiling_amplicon_sequencing_assay,amplicon sequencing assay,Microbiota,http://purl.bioontology.org/ontology/MESH/D064307,MESH,feces,http://purl.obolibrary.org/obo/UBERON_0001988,UBERON,GeneLab Processed Diversity Amplicon Files
OSD-74,E-GEOD-56704_GeneChip_assay,DNA microarray,Mus musculus,http://purl.bioontology.org/ontology/NCBITAXON/10090,NCBITAXON,,,,GeneLab Processed Microarray Data Files
OSD-78,e-geod-8240_transcription_profiling_DNA_microarray,DNA microarray,Homo sapiens,http://purl.obolibrary.org/obo/NCBITaxon_9606,EFO,,,,GeneLab Processed Microarray Data Files
OSD-80,gse48392_transcription_profiling_DNA_microarray,DNA microarray,Mus musculus,http://purl.bioontology.org/ontology/NCBITAXON/10090,NCBITAXON,mammary gland,http://purl.obolibrary.org/obo/UBERON_0001911,UBERON,GeneLab Processed Microarray Data Files
OSD-83,dra003542_transcription_profiling_RNA_Sequencing_(RNA-Seq),RNA Sequencing (RNA-Seq),Oryzias latipes,http://purl.bioontology.org/ontology/NCBITAXON/8090,NCBITAXON,Brain,http://purl.bioontology.org/ontology/MESH/D001921,MESH,GeneLab Processed RNA-Seq Files
OSD-83,dra003542_transcription_profiling_RNA_Sequencing_(RNA-Seq),RNA Sequencing (RNA-Seq),Oryzias latipes,http://purl.bioontology.org/ontology/NCBITAXON/8090,NCBITAXON,Eye,http://purl.bioontology.org/ontology/MESH/D005123,MESH,GeneLab Processed RNA-Seq Files
OSD-83,dra003542_transcription_profiling_RNA_Sequencing_(RNA-Seq),RNA Sequencing (RNA-Seq),Oryzias latipes,http://purl.bioontology.org/ontology/NCBITAXON/8090,NCBITAXON,Intestines,http://purl.bioontology.org/ontology/MESH/D007422,MESH,GeneLab Processed RNA-Seq Files
OSD-83,dra003542_transcription_profiling_RNA_Sequencing_(RNA-Seq),RNA Sequencing (RNA-Seq),Oryzias latipes,http://purl.bioontology.org/ontology/NCBITAXON/8090,NCBITAXON,Liver,http://purl.bioontology.org/ontology/MESH/D008099,MESH,GeneLab Processed RNA-Seq Files
OSD-83,dra003542_transcription_profiling_RNA_Sequencing_(RNA-Seq),RNA Sequencing (RNA-Seq),Oryzias latipes,http://purl.bioontology.org/ontology/NCBITAXON/8090,NCBITAXON,Ovary,http://purl.bioontology.org/ontology/MESH/D010053,MESH,GeneLab Processed RNA-Seq Files
OSD-83,dra003542_transcription_profiling_RNA_Sequencing_(RNA-Seq),RNA Sequencing (RNA-Seq),Oryzias latipes,http://purl.bioontology.org/ontology/NCBITAXON/8090,NCBITAXON,Testis,http://purl.bioontology.org/ontology/MESH/D013737,MESH,GeneLab Processed RNA-Seq Files
OSD-85,gse80323_transcription_profiling_RNA_Sequencing_(RNA-Seq),RNA Sequencing (RNA-Seq),Drosophila melanogaster,http://purl.bioontology.org/ontology/NCBITAXON/7227,NCBITAXON,4 pooled whole pupae ,,,GeneLab Processed RNA-Seq Files
OSD-87,zanello_transcription_profiling_DNA_microarray,DNA microarray,Mus musculus,http://purl.bioontology.org/ontology/NCBITAXON/10090,NCBITAXON,Retina,http://purl.bioontology.org/ontology/MESH/D012160,MESH,GeneLab Processed Microarray Data Files
OSD-91,OSD-91_transcription-profiling_rna-sequencing-(rna-seq),RNA Sequencing (RNA-Seq),Homo sapiens,http://purl.bioontology.org/ontology/NCBITAXON/9606,NCBITAXON,Cells,http://purl.bioontology.org/ontology/MESH/D002477,MESH,GeneLab Processed RNA-Seq Files
OSD-96,gse88866_transcription_profiling_RNA_Sequencing_(RNA-Seq),RNA Sequencing (RNA-Seq),Drosophila melanogaster,http://purl.bioontology.org/ontology/NCBITAXON/7227,NCBITAXON,whole larva,,,GeneLab Processed RNA-Seq Files
OSD-98,OSD-98_dna-methylation-profiling_nucleotide-sequencing,nucleotide sequencing,Mus musculus,http://purl.bioontology.org/ontology/NCBITAXON/10090,NCBITAXON,Adrenal glands- both sides,,,GeneLab Processed RNA-Seq Files
OSD-98,OSD-98_protein-expression-profiling_mass-spectrometry,mass spectrometry,Mus musculus,http://purl.bioontology.org/ontology/NCBITAXON/10090,NCBITAXON,Adrenal glands- both sides,,,GeneLab Processed RNA-Seq Files
OSD-98,OSD-98_protein-expression-profiling_mass-spectrometry,mass spectrometry,Not Applicable,,,Not Applicable,,,GeneLab Processed RNA-Seq Files
OSD-98,OSD-98_transcription-profiling_rna-sequencing-(rna-seq),RNA Sequencing (RNA-Seq),Mus musculus,http://purl.bioontology.org/ontology/NCBITAXON/10090,NCBITAXON,Adrenal glands- both sides,,,GeneLab Processed RNA-Seq Files
OSD-99,OSD-99_dna-methylation-profiling_nucleotide-sequencing_illumina,nucleotide sequencing,Mus musculus,http://purl.bioontology.org/ontology/NCBITAXON/10090,NCBITAXON,Extensor digitorum longus- both sides,,,GeneLab Processed RNA-Seq Files
OSD-99,OSD-99_transcription-profiling_rna-sequencing-(rna-seq),RNA Sequencing (RNA-Seq),Mus musculus,http://purl.bioontology.org/ontology/NCBITAXON/10090,NCBITAXON,Extensor digitorum longus- both sides,,,GeneLab Processed RNA-Seq Files
OSD-100,OSD-100_dna-methylation-profiling_whole-genome-bisulfite-sequencing,Whole Genome Bisulfite Sequencing,Mus musculus,http://purl.bioontology.org/ontology/NCBITAXON/10090,NCBITAXON,left eye,http://purl.obolibrary.org/obo/UBERON_0004548,UBERON,GeneLab Processed RNA-Seq Files
OSD-100,OSD-100_transcription-profiling_rna-sequencing-(rna-seq),RNA Sequencing (RNA-Seq),Mus musculus,http://purl.bioontology.org/ontology/NCBITAXON/10090,NCBITAXON,left eye,http://purl.obolibrary.org/obo/UBERON_0004548,UBERON,GeneLab Processed RNA-Seq Files
OSD-101,biobank_DNA_methylation_profiling_nucleotide_sequencing,nucleotide sequencing,Mus musculus,http://purl.bioontology.org/ontology/NCBITAXON/10090,NCBITAXON,Gastrocnemius-left,,,GeneLab Processed RNA-Seq Files
OSD-101,rr1-biobank-gst_transcription_profiling_RNA_Sequencing_(RNA-Seq),RNA Sequencing (RNA-Seq),Mus musculus,http://purl.bioontology.org/ontology/NCBITAXON/10090,NCBITAXON,Gastrocnemius-left,,,GeneLab Processed RNA-Seq Files
OSD-101,rr1-biobanked_protein_expression_profiling_mass_spectrometry,mass spectrometry,Mus musculus,http://purl.bioontology.org/ontology/NCBITAXON/10090,NCBITAXON,,,,GeneLab Processed RNA-Seq Files
OSD-101,rr1-biobanked_protein_expression_profiling_mass_spectrometry,mass spectrometry,Mus musculus,http://purl.bioontology.org/ontology/NCBITAXON/10090,NCBITAXON,Gastrocnemius-left,,,GeneLab Processed RNA-Seq Files
OSD-101,rr1-biobanked_RNA_methylation_profiling_nucleotide_sequencing,nucleotide sequencing,Mus musculus,http://purl.bioontology.org/ontology/NCBITAXON/10090,NCBITAXON,Gastrocnemius-left,,,GeneLab Processed RNA-Seq Files
OSD-102,OSD-102_dna-methylation-profiling_nucleotide-sequencing,nucleotide sequencing,Mus musculus,http://purl.bioontology.org/ontology/NCBITAXON/10090,NCBITAXON,Left kidney,http://purl.org/sig/ont/fma/fma7205,FMA,GeneLab Processed RNA-Seq Files
OSD-102,OSD-102_protein-expression-profiling_mass-spectrometry,mass spectrometry,Not Applicable,,,Not Applicable,,,GeneLab Processed RNA-Seq Files
OSD-102,OSD-102_protein-expression-profiling_mass-spectrometry,mass spectrometry,Mus musculus,http://purl.bioontology.org/ontology/NCBITAXON/10090,NCBITAXON,Left kidney,http://purl.org/sig/ont/fma/fma7205,FMA,GeneLab Processed RNA-Seq Files
OSD-102,OSD-102_rna-methylation-profiling_nucleotide-sequencing,nucleotide sequencing,Mus musculus,http://purl.bioontology.org/ontology/NCBITAXON/10090,NCBITAXON,Left kidney,http://purl.org/sig/ont/fma/fma7205,FMA,GeneLab Processed RNA-Seq Files
OSD-102,OSD-102_transcription-profiling_rna-sequencing-(rna-seq),RNA Sequencing (RNA-Seq),Mus musculus,http://purl.bioontology.org/ontology/NCBITAXON/10090,NCBITAXON,Left kidney,http://purl.org/sig/ont/fma/fma7205,FMA,GeneLab Processed RNA-Seq Files
OSD-103,OSD-103_dna-methylation-profiling_whole-genome-bisulfite-sequencing,Whole Genome Bisulfite Sequencing,Mus musculus,http://purl.bioontology.org/ontology/NCBITAXON/10090,NCBITAXON,Quadriceps-left,,,GeneLab Processed RNA-Seq Files
OSD-103,OSD-103_protein-expression-profiling_mass-spectrometry,mass spectrometry,Mus musculus,http://purl.bioontology.org/ontology/NCBITAXON/10090,NCBITAXON,Not Applicable,,,GeneLab Processed RNA-Seq Files
OSD-103,OSD-103_protein-expression-profiling_mass-spectrometry,mass spectrometry,Mus musculus,http://purl.bioontology.org/ontology/NCBITAXON/10090,NCBITAXON,Quadriceps-left,,,GeneLab Processed RNA-Seq Files
OSD-103,OSD-103_rna-methylation-profiling_whole-transcriptome-bisulfite-sequencing,Whole Transcriptome Bisulfite Sequencing,Mus musculus,http://purl.bioontology.org/ontology/NCBITAXON/10090,NCBITAXON,Quadriceps-left,,,GeneLab Processed RNA-Seq Files
OSD-103,OSD-103_transcription-profiling_rna-sequencing-(rna-seq),RNA Sequencing (RNA-Seq),Mus musculus,http://purl.bioontology.org/ontology/NCBITAXON/10090,NCBITAXON,Quadriceps-left,,,GeneLab Processed RNA-Seq Files
OSD-104,biobank_DNA_methylation_profiling_nucleotide_sequencing,nucleotide sequencing,Mus musculus,http://purl.bioontology.org/ontology/NCBITAXON/10090,NCBITAXON,Soleus-both sides,,,GeneLab Processed RNA-Seq Files
OSD-104,rr1-biobank-sls_transcription_profiling_RNA_Sequencing_(RNA-Seq),RNA Sequencing (RNA-Seq),Mus musculus,http://purl.bioontology.org/ontology/NCBITAXON/10090,NCBITAXON,Soleus-both sides,,,GeneLab Processed RNA-Seq Files
OSD-105,biobank_DNA_methylation_profiling_nucleotide_sequencing,nucleotide sequencing,Mus musculus,http://purl.bioontology.org/ontology/NCBITAXON/10090,NCBITAXON,Tibialis anterior-left,,,GeneLab Processed RNA-Seq Files
OSD-105,rr1-biobank-ta_transcription_profiling_RNA_Sequencing_(RNA-Seq),RNA Sequencing (RNA-Seq),Mus musculus,http://purl.bioontology.org/ontology/NCBITAXON/10090,NCBITAXON,Tibialis anterior-left,,,GeneLab Processed RNA-Seq Files
OSD-105,rr1-biobanked_protein_expression_profiling_mass_spectrometry,mass spectrometry,Mus musculus,http://purl.bioontology.org/ontology/NCBITAXON/10090,NCBITAXON,Tibialis anterior-left,,,GeneLab Processed RNA-Seq Files
OSD-105,rr1-biobanked_RNA_methylation_profiling_nucleotide_sequencing,nucleotide sequencing,Mus musculus,http://purl.bioontology.org/ontology/NCBITAXON/10090,NCBITAXON,Tibialis anterior-left,,,GeneLab Processed RNA-Seq Files
OSD-109,e-geod-68874_transcription_profiling_DNA_microarray,DNA microarray,Mus musculus,http://purl.bioontology.org/ontology/NCBITAXON/10090,NCBITAXON,,,,GeneLab Processed Microarray Data Files
OSD-111,gse80223_transcription_profiling_DNA_microarray,DNA microarray,Mus musculus,http://purl.bioontology.org/ontology/NCBITAXON/10090,NCBITAXON,Extensor digitorum longus,http://purl.org/sig/ont/fma/fma22534,FMA,GeneLab Processed Microarray Data Files
OSD-111,gse80223_transcription_profiling_DNA_microarray,DNA microarray,Mus musculus,http://purl.bioontology.org/ontology/NCBITAXON/10090,NCBITAXON,Soleus,http://purl.org/sig/ont/fma/fma22542,FMA,GeneLab Processed Microarray Data Files
OSD-113,OSD-113_transcription-profiling_dna-microarray,DNA microarray,Caenorhabditis elegans,http://purl.bioontology.org/ontology/NCBITAXON/6239,NCBITAXON,Whole Organism,http://purl.obolibrary.org/obo/NCIT_C13413,NCIT,GeneLab Processed Microarray Data Files
OSD-117,e-geod-68875_transcription_profiling_DNA_microarray,DNA microarray,Mus musculus,http://purl.bioontology.org/ontology/NCBITAXON/10090,NCBITAXON,murine left ventricular cardiomyocytes,,,GeneLab Processed Microarray Data Files
OSD-120,OSD-120_image-analysis_photography_cara,Photography,Arabidopsis thaliana,http://purl.bioontology.org/ontology/NCBITAXON/3702,NCBITAXON,,,,GeneLab Processed RNA-Seq Files
OSD-120,OSD-120_transcription-profiling_rna-sequencing-(rna-seq)_illumina,RNA Sequencing (RNA-Seq),Arabidopsis thaliana,http://purl.bioontology.org/ontology/NCBITAXON/3702,NCBITAXON,,,,GeneLab Processed RNA-Seq Files
OSD-121,bric-16_transcription_profiling_DNA_microarray,DNA microarray,Arabidopsis thaliana,http://purl.bioontology.org/ontology/NCBITAXON/3702,NCBITAXON,Shoots of seedlings,https://genelab-data.ndc.nasa.gov/,GLDS,GeneLab Processed Microarray Data Files
OSD-123,e-mtab-3289_transcription_profiling_DNA_microarray,DNA microarray,Danio rerio,http://purl.bioontology.org/ontology/NCBITAXON/7955,NCBITAXON,Whole Organism,http://ncicb.nci.nih.gov/xml/owl/EVS/Thesaurus.owlC13413,NCIT,GeneLab Processed Microarray Data Files
OSD-124,E-GEOD-57298_GeneChip_assay,DNA microarray,Homo sapiens,http://purl.bioontology.org/ontology/NCBITAXON/9606,NCBITAXON,,,,GeneLab Processed Microarray Data Files
OSD-125,GSE69271_transcription_profiling_DNA_microarray,DNA microarray,Homo sapiens,http://purl.bioontology.org/ontology/NCBITAXON/9606,NCBITAXON,cell line,http://purl.obolibrary.org/obo/CLO_0000031,CLO,GeneLab Processed Microarray Data Files
OSD-126,prjeb14961_metagenome_profiling_nucleotide_sequencing-1,nucleotide sequencing,cellular organisms,http://purl.bioontology.org/ontology/NCBITAXON/131567,NCBITAXON,,,,GeneLab Processed Diversity Amplicon Files
OSD-126,prjeb14961_metagenome_profiling_nucleotide_sequencing-1,nucleotide sequencing,cellular organisms,http://purl.bioontology.org/ontology/NCBITAXON/131567,NCBITAXON,Dust,http://purl.bioontology.org/ontology/MESH/D004391,MESH,GeneLab Processed Diversity Amplicon Files
OSD-127,e-geod-84582_transcription_profiling_RNA_Sequencing_(RNA-Seq),RNA Sequencing (RNA-Seq),Homo sapiens,http://purl.bioontology.org/ontology/NCBITAXON/9606,NCBITAXON,,,,GeneLab Processed RNA-Seq Files
OSD-135,gse94381_transcription_profiling_DNA_microarray,DNA microarray,Mus musculus,http://purl.bioontology.org/ontology/NCBITAXON/10090,NCBITAXON,,,,GeneLab Processed Microarray Data Files
OSD-136,GLDS-136_microarray_metadata,DNA microarray,Arabidopsis thaliana,http://purl.bioontology.org/ontology/NCBITAXON/3702,NCBITAXON,root,,,GeneLab Processed Microarray Data Files
OSD-137,OSD-137_dna-methylation-profiling_whole-genome-bisulfite-sequencing_illumina,Whole Genome Bisulfite Sequencing,Mus musculus,http://purl.bioontology.org/ontology/NCBITAXON/10090,NCBITAXON,liver,http://purl.obolibrary.org/obo/UBERON_0002107,UBERON,GeneLab Processed RNA-Seq Files
OSD-137,OSD-137_molecular-cellular-imaging_microscopy_pannoramic scan (3d histech),Microscopy,Mus musculus,http://purl.bioontology.org/ontology/NCBITAXON/10090,NCBITAXON,liver,http://purl.obolibrary.org/obo/UBERON_0002107,UBERON,GeneLab Processed RNA-Seq Files
OSD-137,OSD-137_protein-expression-profiling_mass-spectrometry,mass spectrometry,Mus musculus,http://purl.bioontology.org/ontology/NCBITAXON/10090,NCBITAXON,liver,http://purl.obolibrary.org/obo/UBERON_0002107,UBERON,GeneLab Processed RNA-Seq Files
OSD-137,OSD-137_transcription-profiling_rna-sequencing-(rna-seq),RNA Sequencing (RNA-Seq),Mus musculus,http://purl.bioontology.org/ontology/NCBITAXON/10090,NCBITAXON,liver,http://purl.obolibrary.org/obo/UBERON_0002107,UBERON,GeneLab Processed RNA-Seq Files
OSD-138,bric-23_metabolite_profiling_mass_spectrometry,mass spectrometry,Bacillus subtilis,http://purl.bioontology.org/ontology/NCBITAXON/1423,NCBITAXON,Cells,http://purl.bioontology.org/ontology/MESH/D002477,MESH,GeneLab Processed RNA-Seq Files
OSD-138,bric-23_metabolite_profiling_mass_spectrometry-1,mass spectrometry,Bacillus subtilis,http://purl.bioontology.org/ontology/NCBITAXON/1423,NCBITAXON,Cells,http://purl.bioontology.org/ontology/MESH/D002477,MESH,GeneLab Processed RNA-Seq Files
OSD-138,bric-23_protein_expression_profiling_mass_spectrometry,mass spectrometry,Bacillus subtilis,http://purl.bioontology.org/ontology/NCBITAXON/1423,NCBITAXON,Cells,http://purl.bioontology.org/ontology/MESH/D002477,MESH,GeneLab Processed RNA-Seq Files
OSD-138,bric-23_transcription_profiling_RNA_Sequencing_(RNA-Seq),RNA Sequencing (RNA-Seq),Bacillus subtilis,http://purl.bioontology.org/ontology/NCBITAXON/1423,NCBITAXON,Cells,http://purl.bioontology.org/ontology/MESH/D002477,MESH,GeneLab Processed RNA-Seq Files
OSD-141,chapes-0817_transcription_profiling_RNA_Sequencing_(RNA-Seq),RNA Sequencing (RNA-Seq),Mus musculus,http://purl.bioontology.org/ontology/NCBITAXON/10090,NCBITAXON,spleen,http://purl.obolibrary.org/obo/UBERON_0002106,UBERON,GeneLab Processed RNA-Seq Files
OSD-146,prjna368790_metagenome_profiling_nucleotide_sequencing,nucleotide sequencing,Microbiota,http://purl.bioontology.org/ontology/NCBITAXON/13613,NCBITAXON,Feces,http://purl.bioontology.org/ontology/MESH/D005243,MESH,GeneLab Processed Diversity Amplicon Files
OSD-147,OSD-147_transcription-profiling_dna-microarray_Affymetrix,DNA microarray,Arabidopsis thaliana,http://purl.bioontology.org/ontology/NCBITAXON/3702,NCBITAXON,hypocotyl cell culture,,,GeneLab Processed Microarray Data Files
OSD-152,OSD-152_transcription-profiling_dna-microarray,DNA microarray,Homo Sapiens,http://purl.bioontology.org/ontology/NCBITAXON/9606,NCBITAXON,Peripheral blood cell,http://purl.org/sig/ont/fma/fma86697,FMA,GeneLab Processed Microarray Data Files
OSD-153,e-geod-18216_transcription_profiling_DNA_microarray,DNA microarray,Mus musculus,,EFO,,,,GeneLab Processed Microarray Data Files
OSD-154,E-GEOD-22639_GeneChip_assay,DNA microarray,Homo sapiens,http://purl.bioontology.org/ontology/NCBITAXON/9606,NCBITAXON,,,,GeneLab Processed Microarray Data Files
OSD-160,E-GEOD-61208_GeneChip_assay,DNA microarray,Mus musculus,http://purl.bioontology.org/ontology/NCBITAXON/10090,NCBITAXON,4T1 tumor,,,GeneLab Processed Microarray Data Files
OSD-161,rr3_adr_DNA_methylation_profiling_nucleotide_sequencing,nucleotide sequencing,Mus musculus,http://purl.bioontology.org/ontology/NCBITAXON/10090,NCBITAXON,Adrenal gland,http://purl.org/sig/ont/fma/fma9604,FMA,GeneLab Processed RNA-Seq Files
OSD-161,rr3_adr_protein_expression_profiling_mass_spectrometry,mass spectrometry,,https://genelab-data.ndc.nasa.gov/,GLDS,Not applicable,,,GeneLab Processed RNA-Seq Files
OSD-161,rr3_adr_protein_expression_profiling_mass_spectrometry,mass spectrometry,Mus musculus,http://purl.bioontology.org/ontology/NCBITAXON/10090,NCBITAXON,Adrenal gland,http://purl.org/sig/ont/fma/fma9604,FMA,GeneLab Processed RNA-Seq Files
OSD-161,rr3-adr_transcription_profiling_RNA_Sequencing_(RNA-Seq),RNA Sequencing (RNA-Seq),Mus musculus,http://purl.bioontology.org/ontology/NCBITAXON/10090,NCBITAXON,Adrenal gland,http://purl.org/sig/ont/fma/fma9604,FMA,GeneLab Processed RNA-Seq Files
OSD-162,OSD-162_protein-expression-profiling_mass-spectrometry,mass spectrometry,Mus musculus,http://purl.bioontology.org/ontology/NCBITAXON/10090,NCBITAXON,eye,http://purl.obolibrary.org/obo/UBERON_0000970,UBERON,GeneLab Processed RNA-Seq Files
OSD-162,OSD-162_protein-expression-profiling_mass-spectrometry,mass spectrometry,Mus musculus,http://purl.bioontology.org/ontology/NCBITAXON/10090,NCBITAXON,eye,http://purl.obolibrary.org/obo/UBERON_0000970,OBI,GeneLab Processed RNA-Seq Files
OSD-162,OSD-162_transcription-profiling_rna-sequencing-(rna-seq)_illumina,RNA Sequencing (RNA-Seq),Mus musculus,http://purl.bioontology.org/ontology/NCBITAXON/10090,NCBITAXON,eye,http://purl.obolibrary.org/obo/UBERON_0000970,UBERON,GeneLab Processed RNA-Seq Files
OSD-163,rr3_kdn_DNA_methylation_profiling_nucleotide_sequencing,nucleotide sequencing,Mus musculus,http://purl.bioontology.org/ontology/NCBITAXON/10090,NCBITAXON,Left kidney,http://purl.org/sig/ont/fma/fma7205,FMA,GeneLab Processed RNA-Seq Files
OSD-163,rr3_kdn_protein_expression_profiling_mass_spectrometry,mass spectrometry,Mus musculus,http://purl.bioontology.org/ontology/NCBITAXON/10090,NCBITAXON,Left kidney,http://purl.org/sig/ont/fma/fma7205,FMA,GeneLab Processed RNA-Seq Files
OSD-163,rr3-kdn_transcription_profiling_RNA_Sequencing_(RNA-Seq),RNA Sequencing (RNA-Seq),Mus musculus,http://purl.bioontology.org/ontology/NCBITAXON/10090,NCBITAXON,Left kidney,http://purl.org/sig/ont/fma/fma7205,FMA,GeneLab Processed RNA-Seq Files
OSD-164,RNA_Seq,RNA Sequencing (RNA-Seq),Mus musculus,http://purl.bioontology.org/ontology/NCBITAXON/10090,NCBITAXON,Liver,http://purl.bioontology.org/ontology/MESH/D008099,MESH,GeneLab Processed RNA-Seq Files
OSD-164,RNA_Seq,RNA Sequencing (RNA-Seq),Mus musculus,http://purl.bioontology.org/ontology/NCBITAXON/10090,NCBITAXON,Spleen,http://purl.bioontology.org/ontology/MESH/D013154,MESH,GeneLab Processed RNA-Seq Files
OSD-168,nist-liver_transcription_profiling_RNA_Sequencing_(RNA-Seq),RNA Sequencing (RNA-Seq),Mus musculus,http://purl.bioontology.org/ontology/NCBITAXON/10090,NCBITAXON,Liver,http://purl.bioontology.org/ontology/MESH/D008099,MESH,GeneLab Processed RNA-Seq Files
OSD-170,glds-170_metagenome_profiling_nucleotide_sequencing,nucleotide sequencing,cellular organisms,http://purl.bioontology.org/ontology/NCBITAXON/131567,NCBITAXON,bioaerosol,http://purl.jp/bio/11/meo/MEO_0000860,MEO,GeneLab Processed Diversity Amplicon Files
OSD-173,pmj150512_transcription_profiling_RNA_Sequencing_(RNA-Seq),RNA Sequencing (RNA-Seq),Mus musculus,http://purl.bioontology.org/ontology/NCBITAXON/10090,NCBITAXON,liver,http://purl.obolibrary.org/obo/UBERON_0002107,UBERON,GeneLab Processed RNA-Seq Files
OSD-188,gse94255_transcription_profiling_microarray,microarray,Homo sapiens,http://purl.bioontology.org/ontology/NCBITAXON/9606,NCBITAXON,,,,GeneLab Processed Microarray Data Files
OSD-191,mpg79314_metagenome_profiling_nucleotide_sequencing,nucleotide sequencing,Microbiota,http://purl.bioontology.org/ontology/NCBITAXON/13613,NCBITAXON,Feces,http://purl.bioontology.org/ontology/MESH/D005243,MESH,GeneLab Processed Diversity Amplicon Files
OSD-193,apex03-2_rna-seq_col-0_transcription_profiling_RNA_Sequencing_(RNA-Seq),RNA Sequencing (RNA-Seq),Arabidopsis thaliana,http://purl.obolibrary.org/obo/NCBITaxon_3702,EFO,root,http://purl.obolibrary.org/obo/PO_0009005,PAE,GeneLab Processed RNA-Seq Files
OSD-194,OSD-194_transcription-profiling_rna-sequencing-(rna-seq)_illumina,RNA Sequencing (RNA-Seq),Mus musculus,http://purl.bioontology.org/ontology/NCBITAXON/10090,NCBITAXON,Left retina,http://purl.org/sig/ont/fma/fma58303,FMA,GeneLab Processed RNA-Seq Files
OSD-194,OSD-194_transcription-profiling_rna-sequencing-(rna-seq)_illumina,RNA Sequencing (RNA-Seq),Mus musculus,http://purl.bioontology.org/ontology/NCBITAXON/10090,NCBITAXON,Right retina,http://purl.org/sig/ont/fma/fma58302,FMA,GeneLab Processed RNA-Seq Files
OSD-200,dannemilleriss_metagenome_profiling_nucleotide_sequencing,nucleotide sequencing,cellular organisms,http://purl.bioontology.org/ontology/NCBITAXON/131567,NCBITAXON,Dust,http://purl.bioontology.org/ontology/MESH/D004391,MESH,GeneLab Processed Diversity Amplicon Files
OSD-200,dannemilleriss_metagenome_profiling_nucleotide_sequencing,nucleotide sequencing,Bacillus atrophaeus,http://purl.bioontology.org/ontology/NCBITAXON/1452,NCBITAXON,blank,,,GeneLab Processed Diversity Amplicon Files
OSD-200,dannemilleriss_metagenome_profiling_nucleotide_sequencing,nucleotide sequencing,Escherichia coli,http://purl.bioontology.org/ontology/NCBITAXON/562,NCBITAXON,blank,,,GeneLab Processed Diversity Amplicon Files
OSD-201,OSD-201_transcription-profiling_rna-sequencing-(rna-seq),RNA Sequencing (RNA-Seq),Mus musculus,http://purl.bioontology.org/ontology/NCBITAXON/10090,NCBITAXON,Spleen,http://purl.bioontology.org/ontology/MESH/D013154,MESH,GeneLab Processed RNA-Seq Files
OSD-202,ldr-hlu_brain_DNA_methylation_profiling_Bisulfite_sequencing,Bisulfite sequencing,Mus musculus,http://purl.bioontology.org/ontology/NCBITAXON/10090,NCBITAXON,brain,http://purl.obolibrary.org/obo/UBERON_0000955,OBI,GeneLab Processed RNA-Seq Files
OSD-202,ldr-hlu_brain_transcription_profiling_microarray,microarray,Mus musculus,http://purl.bioontology.org/ontology/NCBITAXON/10090,NCBITAXON,brain,http://purl.obolibrary.org/obo/UBERON_0000955,OBI,GeneLab Processed RNA-Seq Files
OSD-202,ldr-hlu_brain_transcription_profiling_RNA_Sequencing_(RNA-Seq),RNA Sequencing (RNA-Seq),Mus musculus,http://purl.bioontology.org/ontology/NCBITAXON/10090,NCBITAXON,brain,http://purl.obolibrary.org/obo/UBERON_0000955,OBI,GeneLab Processed RNA-Seq Files
OSD-203,ldr-hlu_retina_DNA_methylation_profiling_Bisulfite_sequencing,Bisulfite sequencing,Mus musculus,http://purl.bioontology.org/ontology/NCBITAXON/10090,NCBITAXON,Retina,http://purl.bioontology.org/ontology/MESH/D012160,MESH,GeneLab Processed RNA-Seq Files
OSD-203,ldr-hlu_retina_transcription_profiling_RNA_Sequencing_(RNA-Seq),RNA Sequencing (RNA-Seq),Mus musculus,http://purl.bioontology.org/ontology/NCBITAXON/10090,NCBITAXON,Retina,http://purl.bioontology.org/ontology/MESH/D012160,MESH,GeneLab Processed RNA-Seq Files
OSD-205,OSD-205_transcription-profiling_dna-microarray_Affymetrix,DNA microarray,Arabidopsis thaliana,http://purl.bioontology.org/ontology/NCBITAXON/3702,NCBITAXON,,,,GeneLab Processed Microarray Data Files
OSD-207,glds-207_protein_expression_profiling_mass_spectrometry,mass spectrometry,Drosophila melanogaster,http://purl.bioontology.org/ontology/NCBITAXON/7227,NCBITAXON,Head,http://purl.bioontology.org/ontology/MESH/D006257,MESH,GeneLab Processed RNA-Seq Files
OSD-207,glds-207_transcription_profiling_RNA_Sequencing_(RNA-Seq),RNA Sequencing (RNA-Seq),Drosophila melanogaster,http://purl.bioontology.org/ontology/NCBITAXON/7227,NCBITAXON,Head,http://purl.bioontology.org/ontology/MESH/D006257,MESH,GeneLab Processed RNA-Seq Files
OSD-208,OSD-208_transcription-profiling_dna-microarray_affymetrix,DNA microarray,Arabidopsis thaliana,http://purl.bioontology.org/ontology/NCBITAXON/3702,NCBITAXON,,,,GeneLab Processed RNA-Seq Files|GeneLab Processed Microarray Data Files
OSD-208,OSD-208_transcription-profiling_rna-sequencing-(rna-seq)_illumina,RNA Sequencing (RNA-Seq),Arabidopsis thaliana,http://purl.bioontology.org/ontology/NCBITAXON/3702,NCBITAXON,,,,GeneLab Processed RNA-Seq Files|GeneLab Processed Microarray Data Files
OSD-211,ldr_hlu_spleen_transcription_profiling_RNA_Sequencing_(RNA-Seq),RNA Sequencing (RNA-Seq),Mus musculus,http://purl.bioontology.org/ontology/NCBITAXON/10090,NCBITAXON,Spleen,http://purl.org/sig/ont/fma/fma7196,FMA,GeneLab Processed RNA-Seq Files
OSD-213,OSD-213_transcription-profiling_dna-microarray_affymetrix,DNA microarray,Arabidopsis thaliana,http://purl.bioontology.org/ontology/NCBITAXON/3702,NCBITAXON,callus cell culture,https://osdr.nasa.gov/,OSD,GeneLab Processed Microarray Data Files
OSD-214,OSD-214_transcription-profiling_rna-sequencing-(rna-seq),RNA Sequencing (RNA-Seq),Mus musculus,http://purl.bioontology.org/ontology/NCBITAXON/10090,NCBITAXON,Bone Marrow,http://purl.bioontology.org/ontology/MESH/D001853,MESH,GeneLab Processed RNA-Seq Files
OSD-217,GLDS-217_transcription-profiling_rna-sequencing-(rna-seq)_illumina,RNA Sequencing (RNA-Seq),Arabidopsis thaliana,http://purl.obolibrary.org/obo/NCBITaxon_3702,EFO,leaf,,,GeneLab Processed RNA-Seq Files
OSD-217,GLDS-217_transcription-profiling_rna-sequencing-(rna-seq)_illumina,RNA Sequencing (RNA-Seq),Arabidopsis thaliana,http://purl.obolibrary.org/obo/NCBITaxon_3702,EFO,root,,,GeneLab Processed RNA-Seq Files
OSD-217,gse95594_DNA_methylation_profiling_Bisulfite_sequencing,Bisulfite sequencing,Arabidopsis thaliana,http://purl.obolibrary.org/obo/NCBITaxon_3702,EFO,root,,,GeneLab Processed RNA-Seq Files
OSD-217,gse95594_DNA_methylation_profiling_Bisulfite_sequencing,Bisulfite sequencing,Arabidopsis thaliana,http://purl.obolibrary.org/obo/NCBITaxon_3702,EFO,leaf,,,GeneLab Processed RNA-Seq Files
OSD-223,glds-223_transcription_profiling_RNA_Sequencing_(RNA-Seq),RNA Sequencing (RNA-Seq),Arabidopsis thaliana,http://purl.obolibrary.org/obo/NCBITaxon_3702,EFO,,,,GeneLab Processed RNA-Seq Files
OSD-224,OSD-224_metagenomic-sequencing_whole-genome-shotgun-sequencing_illumina,Whole-Genome Shotgun Sequencing,Microbiota,http://purl.bioontology.org/ontology/MESH/D064307,MESH,dust,,,GeneLab Processed Metagenomics Files
OSD-224,OSD-224_metagenomic-sequencing_whole-genome-shotgun-sequencing_illumina,Whole-Genome Shotgun Sequencing,Microbiota,http://purl.bioontology.org/ontology/MESH/D064307,MESH,filter particles,,,GeneLab Processed Metagenomics Files
OSD-227,OSD-227_transcription-profiling_dna-microarray,DNA microarray,Mus musculus,http://purl.obolibrary.org/obo/NCBITaxon_10090,EFO,,,,GeneLab Processed Microarray Data Files
OSD-235,freezing_study_liver_transcription_profiling_RNA_Sequencing_(RNA-Seq),RNA Sequencing (RNA-Seq),Mus musculus,http://purl.bioontology.org/ontology/NCBITAXON/10090,NCBITAXON,left lobe of liver,http://purl.obolibrary.org/obo/UBERON_0001115,UBERON,GeneLab Processed RNA-Seq Files
OSD-236,freezing_study_quad_transcription_profiling_RNA_Sequencing_(RNA-Seq),RNA Sequencing (RNA-Seq),Mus musculus,http://purl.bioontology.org/ontology/NCBITAXON/10090,NCBITAXON,Left quadriceps femoris,http://purl.org/sig/ont/fma/fma22445,FMA,GeneLab Processed RNA-Seq Files
OSD-237,ldr_hlu_skin_transcription_profiling_RNA_Sequencing_(RNA-Seq),RNA Sequencing (RNA-Seq),Mus musculus,http://purl.bioontology.org/ontology/NCBITAXON/10090,NCBITAXON,dorsal skin,,,GeneLab Processed RNA-Seq Files
OSD-238,mhu-2_dskn_transcription_profiling_RNA_Sequencing_(RNA-Seq),RNA Sequencing (RNA-Seq),Mus musculus,http://purl.bioontology.org/ontology/NCBITAXON/10090,NCBITAXON,dorsal skin,,,GeneLab Processed RNA-Seq Files
OSD-239,mhu2_fskn_transcription_profiling_RNA_Sequencing_(RNA-Seq),RNA Sequencing (RNA-Seq),Mus musculus,http://purl.bioontology.org/ontology/NCBITAXON/10090,NCBITAXON,femoral skin,,,GeneLab Processed RNA-Seq Files
OSD-240,rr5_dskn_transcription_profiling_RNA_Sequencing_(RNA-Seq),RNA Sequencing (RNA-Seq),Mus musculus,http://purl.bioontology.org/ontology/NCBITAXON/10090,NCBITAXON,dorsal skin,,,GeneLab Processed RNA-Seq Files
OSD-241,rr5_fskn_transcription_profiling_RNA_Sequencing_(RNA-Seq),RNA Sequencing (RNA-Seq),Mus musculus,http://purl.bioontology.org/ontology/NCBITAXON/10090,NCBITAXON,femoral lateral skin,,,GeneLab Processed RNA-Seq Files
OSD-242,rr9_lvr_transcription_profiling_RNA_Sequencing_(RNA-Seq),RNA Sequencing (RNA-Seq),Mus musculus,http://purl.bioontology.org/ontology/NCBITAXON/10090,NCBITAXON,liver,http://purl.obolibrary.org/obo/UBERON_0002107,UBERON,GeneLab Processed RNA-Seq Files
OSD-243,rr6_dskn_transcription_profiling_RNA_Sequencing_(RNA-Seq),RNA Sequencing (RNA-Seq),Mus musculus,http://purl.bioontology.org/ontology/NCBITAXON/10090,NCBITAXON,dorsal skin,,,GeneLab Processed RNA-Seq Files
OSD-244,rr6_tms_transcription_profiling_RNA_Sequencing_(RNA-Seq),RNA Sequencing (RNA-Seq),Mus musculus,http://purl.bioontology.org/ontology/NCBITAXON/10090,NCBITAXON,Thymus,http://purl.org/sig/ont/fma/fma9607,FMA,GeneLab Processed RNA-Seq Files
OSD-245,rr6_lvr_transcription_profiling_RNA_Sequencing_(RNA-Seq),RNA Sequencing (RNA-Seq),Mus musculus,http://purl.bioontology.org/ontology/NCBITAXON/10090,NCBITAXON,liver,http://purl.obolibrary.org/obo/UBERON_0002107,UBERON,GeneLab Processed RNA-Seq Files
OSD-246,rr6_spl_transcription_profiling_RNA_Sequencing_(RNA-Seq),RNA Sequencing (RNA-Seq),Mus musculus,http://purl.bioontology.org/ontology/NCBITAXON/10090,NCBITAXON,spleen,http://purl.obolibrary.org/obo/UBERON_0002106,UBERON,GeneLab Processed RNA-Seq Files
OSD-247,rr6_cln_transcription_profiling_RNA_Sequencing_(RNA-Seq),RNA Sequencing (RNA-Seq),Mus musculus,http://purl.bioontology.org/ontology/NCBITAXON/10090,NCBITAXON,descending colon,http://purl.obolibrary.org/obo/UBERON_0001158,UBERON,GeneLab Processed RNA-Seq Files
OSD-248,rr6_lng_transcription_profiling_RNA_Sequencing_(RNA-Seq),RNA Sequencing (RNA-Seq),Mus musculus,http://purl.bioontology.org/ontology/NCBITAXON/10090,NCBITAXON,left lung lobe,http://purl.obolibrary.org/obo/UBERON_0008951,UBERON,GeneLab Processed RNA-Seq Files
OSD-250,rr9_fcs_metagenome_profiling_nucleotide_sequencing,Whole Genome Shotgun Sequencing,Microbiota,http://purl.bioontology.org/ontology/NCBITAXON/13613,NCBITAXON,feces,http://purl.obolibrary.org/obo/UBERON_0001988,UBERON,GeneLab Processed Metagenomics Files
OSD-251,glds-251_transcription_profiling_RNA_Sequencing_(RNA-Seq),RNA Sequencing (RNA-Seq),Arabidopsis thaliana,http://purl.bioontology.org/ontology/NCBITAXON/3702,NCBITAXON,Seedlings,http://purl.bioontology.org/ontology/MESH/D036226,MESH,GeneLab Processed RNA-Seq Files
OSD-253,rr7_kdn_transcription_profiling_RNA_Sequencing_(RNA-Seq),RNA Sequencing (RNA-Seq),Mus musculus,http://purl.bioontology.org/ontology/NCBITAXON/10090,NCBITAXON,left kidney,http://purl.obolibrary.org/obo/UBERON_0004538,UBERON,GeneLab Processed RNA-Seq Files
OSD-254,rr7_skn_transcription_profiling_RNA_Sequencing_(RNA-Seq),RNA Sequencing (RNA-Seq),Mus musculus,http://purl.bioontology.org/ontology/NCBITAXON/10090,NCBITAXON,dorsal skin,,,GeneLab Processed RNA-Seq Files
OSD-255,OSD-255_transcription-profiling_rna-sequencing-(rna-seq)_illumina,RNA Sequencing (RNA-Seq),Mus musculus,http://purl.bioontology.org/ontology/NCBITAXON/10090,NCBITAXON,Right retina,http://purl.org/sig/ont/fma/fma58302,FMA,GeneLab Processed RNA-Seq Files
OSD-267,OSD-267_amplicon-sequencing_16s_illumina,16S,Microbiota,http://purl.bioontology.org/ontology/NCBITAXON/13613,NCBITAXON,,,,GeneLab Processed Diversity Amplicon Files
OSD-267,OSD-267_amplicon-sequencing_its_illumina,ITS,Microbiota,http://purl.bioontology.org/ontology/NCBITAXON/13613,NCBITAXON,,,,GeneLab Processed Diversity Amplicon Files
OSD-269,OSD-269_amplicon-sequencing_16s_illumina,16S,Microbiota,http://purl.bioontology.org/ontology/NCBITAXON/13613,NCBITAXON,,,,GeneLab Processed Diversity Amplicon Files
OSD-270,OSD-270_transcription-profiling_rna-sequencing-(rna-seq)_illumina,RNA Sequencing (RNA-Seq),Mus musculus,http://purl.bioontology.org/ontology/NCBITAXON/10090,NCBITAXON,Heart,http://purl.org/sig/ont/fma/fma7088,FMA,GeneLab Processed Spatial Transcriptomics Data Files|GeneLab Processed RNA-Seq Files
OSD-270,OSD-270_transcription-profiling_spatial-transcriptomics_illumina,spatial transcriptomics,Mus musculus,http://purl.bioontology.org/ontology/NCBITAXON/10090,NCBITAXON,Heart,http://purl.org/sig/ont/fma/fma7088,FMA,GeneLab Processed Spatial Transcriptomics Data Files|GeneLab Processed RNA-Seq Files
OSD-271,OSD-271_transcription-profiling_dna-microarray,DNA microarray,Rattus norvegicus,http://purl.bioontology.org/ontology/NCBITAXON/10116,NCBITAXON,mammary gland,http://purl.obolibrary.org/obo/EHDA_6525,EHDA,GeneLab Processed Microarray Data Files
OSD-272,rapid_freeze_spleen_transcription_profiling_RNA_Sequencing_(RNA-Seq),RNA Sequencing (RNA-Seq),Mus musculus,http://purl.bioontology.org/ontology/NCBITAXON/10090,NCBITAXON,Spleen,http://purl.org/sig/ont/fma/fma7196,FMA,GeneLab Processed RNA-Seq Files
OSD-273,rapid_freeze_liver_transcription_profiling_RNA_Sequencing_(RNA-Seq),RNA Sequencing (RNA-Seq),Mus musculus,http://purl.bioontology.org/ontology/NCBITAXON/10090,NCBITAXON,liver,http://purl.obolibrary.org/obo/UBERON_0002107,UBERON,GeneLab Processed RNA-Seq Files
OSD-274,rapid_freeze_soleus_transcription_profiling_RNA_Sequencing_(RNA-Seq),RNA Sequencing (RNA-Seq),Mus musculus,,,Soleus,http://purl.org/sig/ont/fma/fma22542,FMA,GeneLab Processed RNA-Seq Files
OSD-276,prjna376404,nucleotide sequencing,cellular organisms,http://purl.bioontology.org/ontology/NCBITAXON/131567,NCBITAXON,Cells,http://purl.bioontology.org/ontology/MESH/D002477,MESH,GeneLab Processed Diversity Amplicon Files
OSD-279,prjeb30994_metagenome_profiling_nucleotide_sequencing,nucleotide sequencing,cellular organisms,http://purl.bioontology.org/ontology/NCBITAXON/131567,NCBITAXON,Cells,http://purl.bioontology.org/ontology/MESH/D002477,MESH,GeneLab Processed Diversity Amplicon Files
OSD-279,prjeb30994_metagenome_profiling_nucleotide_sequencing,nucleotide sequencing,cellular organisms,http://purl.bioontology.org/ontology/NCBITAXON/131567,NCBITAXON,,,,GeneLab Processed Diversity Amplicon Files
OSD-280,glds-280_metagenome_profiling_nucleotide_sequencing,nucleotide sequencing,cellular organisms,http://purl.bioontology.org/ontology/NCBITAXON/131567,NCBITAXON,Saliva,http://purl.bioontology.org/ontology/MESH/D012463,MESH,GeneLab Processed Diversity Amplicon Files
OSD-280,glds-280_metagenome_profiling_nucleotide_sequencing,nucleotide sequencing,cellular organisms,http://purl.bioontology.org/ontology/NCBITAXON/131567,NCBITAXON,not applicable,,,GeneLab Processed Diversity Amplicon Files
OSD-282,OSD-282_transcription-profiling_dna-microarray_affymetrix,DNA microarray,Arabidopsis thaliana,http://purl.bioontology.org/ontology/NCBITAXON/3702,NCBITAXON,Seedlings,http://purl.bioontology.org/ontology/MESH/D036226,MESH,GeneLab Processed Microarray Data Files
OSD-288,OSD-288_transcription-profiling_rna-sequencing-(rna-seq),RNA Sequencing (RNA-Seq),Mus musculus,http://purl.bioontology.org/ontology/NCBITAXON/10090,NCBITAXON,Spleen,http://purl.bioontology.org/ontology/MESH/D013154,MESH,GeneLab Processed RNA-Seq Files
OSD-289,OSD-289_transcription-profiling_rna-sequencing-(rna-seq),RNA Sequencing (RNA-Seq),Mus musculus,http://purl.bioontology.org/ontology/NCBITAXON/10090,NCBITAXON,Thymus Gland,http://purl.bioontology.org/ontology/MESH/D013950,MESH,GeneLab Processed RNA-Seq Files
OSD-295,OSD-295_transcription-profiling_rna-sequencing-(rna-seq),RNA Sequencing (RNA-Seq),Mus musculus,http://purl.bioontology.org/ontology/NCBITAXON/10090,NCBITAXON,Soleus,http://purl.org/sig/ont/fma/fma22542,FMA,GeneLab Processed RNA-Seq Files
OSD-296,OSD-296_transcription-profiling_dna-microarray_affymetrix,DNA microarray,Arabidopsis thaliana,http://purl.bioontology.org/ontology/NCBITAXON/3702,NCBITAXON,,,,GeneLab Processed Microarray Data Files
OSD-304,OSD-304_transcription-profiling_dna-microarray,DNA microarray,Mus musculus,http://purl.bioontology.org/ontology/NCBITAXON/10090,NCBITAXON,Blood,http://purl.bioontology.org/ontology/MESH/D001769,MESH,GeneLab Processed Microarray Data Files
OSD-308,OSD-308_transcription-profiling_rna-sequencing-(rna-seq),RNA Sequencing (RNA-Seq),Mus musculus,http://purl.bioontology.org/ontology/NCBITAXON/10090,NCBITAXON,Zygote,http://purl.bioontology.org/ontology/MESH/D015053,MESH,GeneLab Processed RNA-Seq Files
OSD-313,glds-313_transcription_profiling_RNA_Sequencing_(RNA-Seq),RNA Sequencing (RNA-Seq),Arabidopsis thaliana,http://purl.bioontology.org/ontology/NCBITAXON/3702,NCBITAXON,Seedlings,http://purl.bioontology.org/ontology/MESH/D036226,MESH,GeneLab Processed RNA-Seq Files
OSD-314,glds-314_transcription_profiling_RNA_Sequencing_(RNA-Seq),RNA Sequencing (RNA-Seq),Arabidopsis thaliana,http://purl.bioontology.org/ontology/NCBITAXON/3702,NCBITAXON,Seedlings,http://purl.bioontology.org/ontology/MESH/D036226,MESH,GeneLab Processed RNA-Seq Files
OSD-321,GLDS-321_transcription-profiling_rna-sequencing-(rna-seq),RNA Sequencing (RNA-Seq),Arabidopsis thaliana,http://purl.bioontology.org/ontology/NCBITAXON/3702,NCBITAXON,Seedlings,http://purl.bioontology.org/ontology/MESH/D036226,MESH,GeneLab Processed RNA-Seq Files
OSD-323,OSD-323_transcription-profiling_rna-sequencing-(rna-seq)_Illumina,RNA Sequencing (RNA-Seq),Homo sapiens,http://purl.bioontology.org/ontology/NCBITAXON/9606,NCBITAXON,Cells,http://purl.bioontology.org/ontology/MESH/D002477,MESH,GeneLab Processed RNA-Seq Files
OSD-326,OSD-326_transcription-profiling_rna-sequencing-(rna-seq),RNA Sequencing (RNA-Seq),Mus musculus,http://purl.bioontology.org/ontology/NCBITAXON/10090,NCBITAXON,Quadriceps femoris,http://purl.org/sig/ont/fma/fma22428,FMA,GeneLab Processed RNA-Seq Files
OSD-346,OSD-346_transcription-profiling_rna-sequencing-(rna-seq)_illumina,RNA Sequencing (RNA-Seq),Arabidopsis thaliana,http://purl.bioontology.org/ontology/NCBITAXON/3702,NCBITAXON,,,,GeneLab Processed RNA-Seq Files
OSD-347,OSD-347_transcription-profiling_rna-sequencing-(rna-seq),RNA Sequencing (RNA-Seq),Drosophila melanogaster,http://purl.bioontology.org/ontology/NCBITAXON/7227,NCBITAXON,Heart,http://purl.org/sig/ont/fma/fma7088,FMA,GeneLab Processed RNA-Seq Files
OSD-352,GLDS-352_transcription-profiling_rna-sequencing-(rna-seq)_illumina,RNA Sequencing (RNA-Seq),Mus musculus,http://purl.bioontology.org/ontology/NCBITAXON/10090,NCBITAXON,Brain,http://purl.org/sig/ont/fma/fma50801,FMA,GeneLab Processed Spatial Transcriptomics Data Files|GeneLab Processed RNA-Seq Files
OSD-352,GLDS-352_transcription-profiling_spatial-transcriptomics_illumina,spatial transcriptomics,Mus musculus,http://purl.bioontology.org/ontology/NCBITAXON/10090,NCBITAXON,Brain,http://purl.org/sig/ont/fma/fma50801,FMA,GeneLab Processed Spatial Transcriptomics Data Files|GeneLab Processed RNA-Seq Files
OSD-368,OSD-368_transcription-profiling_microarray,DNA microarray,Homo sapiens,http://purl.bioontology.org/ontology/NCBITAXON/9606,NCBITAXON,3D cells,https://osdr.nasa.gov/,OSD,GeneLab Processed Microarray Data Files
OSD-369,OSD-369_transcription-profiling_microarray,DNA microarray,Homo sapiens,http://purl.bioontology.org/ontology/NCBITAXON/9606,NCBITAXON,3D cells,https://osdr.nasa.gov/,OSD,GeneLab Processed Microarray Data Files
OSD-373,GLDS-373_transcription-profiling_rna-sequencing-(rna-seq),RNA Sequencing (RNA-Seq),Danio rerio,http://purl.bioontology.org/ontology/NCBITAXON/7955,NCBITAXON,embryo,http://purl.obolibrary.org/obo/UBERON_0000922,ENVO,GeneLab Processed RNA-Seq Files
OSD-374,OSD-374_dna-methylation-profiling_dip-seq_illumina,DIP-seq,Mus musculus,http://purl.bioontology.org/ontology/NCBITAXON/10090,NCBITAXON,Hippocampus,http://purl.bioontology.org/ontology/MESH/D006624,MESH,GeneLab Processed RNA-Seq Files
OSD-374,OSD-374_transcription-profiling_rna-sequencing-(rna-seq),RNA Sequencing (RNA-Seq),Mus musculus,http://purl.bioontology.org/ontology/NCBITAXON/10090,NCBITAXON,Hippocampus,http://purl.bioontology.org/ontology/MESH/D006624,MESH,GeneLab Processed RNA-Seq Files
OSD-375,GLDS-375_transcription-profiling_rna-sequencing-(rna-seq)_illumina,RNA Sequencing (RNA-Seq),Brachypodium distachyon,http://purl.bioontology.org/ontology/NCBITAXON/15368,NCBITAXON,,,,GeneLab Processed RNA-Seq Files
OSD-379,rrrm-1_transcription_profiling_RNA_Sequencing_(RNA-Seq),RNA Sequencing (RNA-Seq),Mus musculus,http://purl.bioontology.org/ontology/NCBITAXON/10090,NCBITAXON,liver left lateral lobe,http://purl.obolibrary.org/obo/MA_0001641,MA,GeneLab Processed RNA-Seq Files
OSD-385,OSD-385_amplicon-sequencing_16s_illumina,16S,Microbiota,http://purl.bioontology.org/ontology/NCBITAXON/13613,NCBITAXON,,,,GeneLab Processed Diversity Amplicon Files
OSD-386,OSD-386_amplicon-sequencing_16s_illumina,16S,Microbiota,http://purl.bioontology.org/ontology/NCBITAXON/13613,NCBITAXON,,,,GeneLab Processed Diversity Amplicon Files
OSD-401,GLDS-401_transcription-profiling_rna-sequencing-(rna-seq)_illumina,RNA Sequencing (RNA-Seq),Mus musculus,http://purl.bioontology.org/ontology/NCBITAXON/10090,NCBITAXON,Gastrocnemius,http://purl.org/sig/ont/fma/fma22541,FMA,GeneLab Processed RNA-Seq Files
OSD-401,GLDS-401_transcription-profiling_rna-sequencing-(rna-seq)_illumina,RNA Sequencing (RNA-Seq),Mus musculus,http://purl.bioontology.org/ontology/NCBITAXON/10090,NCBITAXON,Quadriceps femoris,http://purl.org/sig/ont/fma/fma22428,FMA,GeneLab Processed RNA-Seq Files
OSD-402,OSD-402_transcription-profiling_single-cell-rna-sequencing,single-cell RNA Sequencing,Mus musculus,http://purl.bioontology.org/ontology/NCBITAXON/10090,NCBITAXON,Bone marrow of femur,http://purl.org/sig/ont/fma/fma303348,FMA,GeneLab Processed scRNAseq Files
OSD-403,OSD-403_transcription-profiling_single-cell-rna-sequencing,single-cell RNA Sequencing,Mus musculus,http://purl.bioontology.org/ontology/NCBITAXON/10090,NCBITAXON,Bone marrow of humerus,http://purl.org/sig/ont/fma/fma303330,FMA,GeneLab Processed scRNAseq Files
OSD-404,OSD-404_transcription-profiling_single-cell-rna-sequencing,single-cell RNA Sequencing,Mus musculus,http://purl.bioontology.org/ontology/NCBITAXON/10090,NCBITAXON,peripheral blood mononuclear cell,http://purl.obolibrary.org/obo/CL_2000001,CL,GeneLab Processed scRNAseq Files
OSD-405,OSD-405_transcription-profiling_single-cell-rna-sequencing,single-cell RNA Sequencing,Mus musculus,http://purl.bioontology.org/ontology/NCBITAXON/10090,NCBITAXON,Spleen,http://purl.org/sig/ont/fma/fma7196,FMA,GeneLab Processed scRNAseq Files
OSD-417,OSD-417_amplicon-sequencing_16s,16S,Microbiota,http://purl.bioontology.org/ontology/MESH/D064307,MESH,Feces,http://purl.bioontology.org/ontology/MESH/D005243,MESH,GeneLab Processed Diversity Amplicon Files
OSD-417,OSD-417_amplicon-sequencing_16s-1,16S,Microbiota,http://purl.bioontology.org/ontology/MESH/D064307,MESH,oral swab specimen,http://purl.obolibrary.org/obo/OBI_0002607,OBI,GeneLab Processed Diversity Amplicon Files
OSD-417,OSD-417_metabolite-profiling_mass-spectrometry,mass spectrometry,Mus musculus,http://purl.bioontology.org/ontology/NCBITAXON/10090,NCBITAXON,Serum,http://purl.bioontology.org/ontology/MESH/D044967,MESH,GeneLab Processed Diversity Amplicon Files
OSD-417,OSD-417_metagenomic-sequencing_whole-genome-shotgun-sequencing,Whole-Genome Shotgun Sequencing,Microbiota,http://purl.bioontology.org/ontology/MESH/D064307,MESH,Feces,http://purl.bioontology.org/ontology/MESH/D005243,MESH,GeneLab Processed Diversity Amplicon Files
OSD-418,OSD-418_transcription-profiling_rna-sequencing-(rna-seq)_illumina,RNA Sequencing (RNA-Seq),Rattus norvegicus,http://purl.bioontology.org/ontology/NCBITAXON/10116,NCBITAXON,Gastrocnemius,http://purl.org/sig/ont/fma/fma22541,FMA,GeneLab Processed RNA-Seq Files
OSD-419,OSD-419_transcription-profiling_rna-sequencing-(rna-seq)_illumina,RNA Sequencing (RNA-Seq),Mus musculus,http://purl.bioontology.org/ontology/NCBITAXON/10090,NCBITAXON,Gastrocnemius-right,https://genelab-data.ndc.nasa.gov/,GLDS,GeneLab Processed RNA-Seq Files
OSD-420,GLDS-420_transcription-profiling_rna-sequencing-(rna-seq)_illumina,RNA Sequencing (RNA-Seq),Mus musculus,http://purl.bioontology.org/ontology/NCBITAXON/10090,NCBITAXON,Spleen-distal,,,GeneLab Processed RNA-Seq Files
OSD-421,GLDS-421_transcription-profiling_rna-sequencing-(rna-seq)_illumina,RNA Sequencing (RNA-Seq),Mus musculus,http://purl.bioontology.org/ontology/NCBITAXON/10090,NCBITAXON,thymus,http://purl.obolibrary.org/obo/UBERON_0002370,EFO,GeneLab Processed RNA-Seq Files
OSD-422,OSD-422_transcription-profiling_rna-sequencing-(rna-seq)_illumina,RNA Sequencing (RNA-Seq),Rattus norvegicus,http://purl.bioontology.org/ontology/NCBITAXON/10116,NCBITAXON,right lateral gastrocnemius,https://genelab-data.ndc.nasa.gov/,GLDS,GeneLab Processed RNA-Seq Files
OSD-423,OSD-423_transcription-profiling_rna-sequencing-(rna-seq)_Illumina,RNA Sequencing (RNA-Seq),Rattus norvegicus,http://purl.bioontology.org/ontology/NCBITAXON/10116,NCBITAXON,thymus,http://purl.obolibrary.org/obo/UBERON_0002370,EFO,GeneLab Processed RNA-Seq Files
OSD-425,OSD-425_transcription-profiling_dna-microarray_agilent,DNA microarray,Caenorhabditis elegans,http://purl.bioontology.org/ontology/NCBITAXON/6239,NCBITAXON,Whole Organism,http://ncicb.nci.nih.gov/xml/owl/EVS/Thesaurus.owlC13413,NCIT,GeneLab Processed Microarray Data Files
OSD-426,OSD-426_transcription-profiling_mirna-sequencing_illumina,miRNA Sequencing,Mus musculus,http://purl.bioontology.org/ontology/NCBITAXON/10090,NCBITAXON,Cells,http://purl.bioontology.org/ontology/MESH/D002477,MESH,GeneLab Processed RNA-Seq Files
OSD-426,OSD-426_transcription-profiling_rna-sequencing-(rna-seq)_illumina,RNA Sequencing (RNA-Seq),Mus musculus,http://purl.bioontology.org/ontology/NCBITAXON/10090,NCBITAXON,Cells,http://purl.bioontology.org/ontology/MESH/D002477,MESH,GeneLab Processed RNA-Seq Files
OSD-427,GLDS-427_transcription-profiling_rna-sequencing-(rna-seq)_illumina,RNA Sequencing (RNA-Seq),Arabidopsis thaliana,http://purl.bioontology.org/ontology/NCBITAXON/3702,NCBITAXON,leaf,http://purl.obolibrary.org/obo/PO_0025034,PO,GeneLab Processed RNA-Seq Files
OSD-427,GLDS-427_transcription-profiling_rna-sequencing-(rna-seq)_illumina,RNA Sequencing (RNA-Seq),Arabidopsis thaliana,http://purl.bioontology.org/ontology/NCBITAXON/3702,NCBITAXON,root,http://purl.obolibrary.org/obo/PO_0009005,PO,GeneLab Processed RNA-Seq Files
OSD-428,OSD-428_transcription-profiling_dna-microarray_affymetrix,DNA microarray,Arabidopsis thaliana,http://purl.bioontology.org/ontology/NCBITAXON/3702,NCBITAXON,,,,GeneLab Processed Microarray Data Files
OSD-431,OSD-431_transcription-profiling_rna-sequencing-(rna-seq)_Illumina,RNA Sequencing (RNA-Seq),Homo sapiens,http://purl.bioontology.org/ontology/NCBITAXON/9606,NCBITAXON,Cells,http://purl.bioontology.org/ontology/MESH/D002477,MESH,GeneLab Processed RNA-Seq Files
OSD-434,OSD-434_transcription-profiling_dna-microarray_affymetrix,DNA microarray,Arabidopsis thaliana,http://purl.bioontology.org/ontology/NCBITAXON/3702,NCBITAXON,,,,GeneLab Processed Microarray Data Files
OSD-437,OSD-437_transcription-profiling_rna-sequencing-(rna-seq)_Illumina,RNA Sequencing (RNA-Seq),Arabidopsis thaliana,http://purl.bioontology.org/ontology/NCBITAXON/3702,NCBITAXON,,,,GeneLab Processed RNA-Seq Files
OSD-450,OSD-450_transcription-profiling_dna-microarray_affymetrix,DNA microarray,Arabidopsis thaliana,http://purl.bioontology.org/ontology/NCBITAXON/3702,NCBITAXON,,,,GeneLab Processed Microarray Data Files
OSD-455,OSD-455_transcription-profiling_dna-microarray_agilent,DNA microarray,Mus musculus,http://purl.bioontology.org/ontology/NCBITAXON/10090,NCBITAXON,Whole Blood,http://ncicb.nci.nih.gov/xml/owl/EVS/Thesaurus.owlC41067,NCIT,GeneLab Processed Microarray Data Files
OSD-457,OSD-457_transcription-profiling_rna-sequencing-(rna-seq)_illumina,RNA Sequencing (RNA-Seq),Mus musculus,http://purl.bioontology.org/ontology/NCBITAXON/10090,NCBITAXON,Temporal Bone,http://purl.bioontology.org/ontology/MESH/D013701,MESH,GeneLab Processed RNA-Seq Files
OSD-457,OSD-457_transcription-profiling_rna-sequencing-(rna-seq)_illumina,RNA Sequencing (RNA-Seq),Mus musculus,http://purl.bioontology.org/ontology/NCBITAXON/10090,NCBITAXON,Mandible,http://purl.bioontology.org/ontology/MESH/D008334,MESH,GeneLab Processed RNA-Seq Files
OSD-457,OSD-457_transcription-profiling_rna-sequencing-(rna-seq)_illumina,RNA Sequencing (RNA-Seq),Mus musculus,http://purl.bioontology.org/ontology/NCBITAXON/10090,NCBITAXON,spleen,http://purl.obolibrary.org/obo/UBERON_0002106,UBERON,GeneLab Processed RNA-Seq Files
OSD-457,OSD-457_transcription-profiling_rna-sequencing-(rna-seq)_illumina,RNA Sequencing (RNA-Seq),Mus musculus,http://purl.bioontology.org/ontology/NCBITAXON/10090,NCBITAXON,Liver,http://purl.bioontology.org/ontology/MESH/D008099,MESH,GeneLab Processed RNA-Seq Files
OSD-457,OSD-457_transcription-profiling_rna-sequencing-(rna-seq)_illumina,RNA Sequencing (RNA-Seq),Mus musculus,http://purl.bioontology.org/ontology/NCBITAXON/10090,NCBITAXON,white adipose tissue,http://purl.obolibrary.org/obo/UBERON_0001347,EFO,GeneLab Processed RNA-Seq Files
OSD-457,OSD-457_transcription-profiling_rna-sequencing-(rna-seq)_illumina,RNA Sequencing (RNA-Seq),Mus musculus,http://purl.bioontology.org/ontology/NCBITAXON/10090,NCBITAXON,brown adipose tissue,http://purl.obolibrary.org/obo/UBERON_0001348,EFO,GeneLab Processed RNA-Seq Files
OSD-457,OSD-457_transcription-profiling_rna-sequencing-(rna-seq)_illumina,RNA Sequencing (RNA-Seq),Mus musculus,http://purl.bioontology.org/ontology/NCBITAXON/10090,NCBITAXON,thymus,http://purl.obolibrary.org/obo/UBERON_0002370,EFO,GeneLab Processed RNA-Seq Files
OSD-457,OSD-457_transcription-profiling_rna-sequencing-(rna-seq)_illumina,RNA Sequencing (RNA-Seq),Mus musculus,http://purl.bioontology.org/ontology/NCBITAXON/10090,NCBITAXON,Kidney,http://ncicb.nci.nih.gov/xml/owl/EVS/Thesaurus.owlC12415,NCIT,GeneLab Processed RNA-Seq Files
OSD-457,OSD-457_transcription-profiling_rna-sequencing-(rna-seq)_illumina,RNA Sequencing (RNA-Seq),Mus musculus,http://purl.bioontology.org/ontology/NCBITAXON/10090,NCBITAXON,Cerebrum,http://purl.bioontology.org/ontology/MESH/D054022,MESH,GeneLab Processed RNA-Seq Files
OSD-462,OSD-462_phosphoprotein-profiling_mass-spectrometry_orbitrap-eclipse,mass spectrometry,Mus musculus,http://purl.bioontology.org/ontology/NCBITAXON/10090,NCBITAXON,Left kidney,http://purl.org/sig/ont/fma/fma7205,FMA,GeneLab Processed RNA-Seq Files
OSD-462,OSD-462_protein-expression-profiling_mass-spectrometry_orbitrap-fusion-lumos,mass spectrometry,Mus musculus,http://purl.bioontology.org/ontology/NCBITAXON/10090,NCBITAXON,Left kidney,http://purl.org/sig/ont/fma/fma7205,FMA,GeneLab Processed RNA-Seq Files
OSD-462,OSD-462_transcription-profiling_rna-sequencing-(rna-seq)_illumina-mrna,RNA Sequencing (RNA-Seq),Mus musculus,http://purl.bioontology.org/ontology/NCBITAXON/10090,NCBITAXON,Left kidney,http://purl.org/sig/ont/fma/fma7205,FMA,GeneLab Processed RNA-Seq Files
OSD-462,OSD-462_transcription-profiling_rna-sequencing-(rna-seq)_illumina-totrna,RNA Sequencing (RNA-Seq),Mus musculus,http://purl.bioontology.org/ontology/NCBITAXON/10090,NCBITAXON,Left kidney,http://purl.org/sig/ont/fma/fma7205,FMA,GeneLab Processed RNA-Seq Files
OSD-462,OSD-462_transcription-profiling_rna-sequencing-(rna-seq)_illumina-upx,RNA Sequencing (RNA-Seq),Mus musculus,http://purl.bioontology.org/ontology/NCBITAXON/10090,NCBITAXON,Left kidney,http://purl.org/sig/ont/fma/fma7205,FMA,GeneLab Processed RNA-Seq Files
OSD-487,GLDS-487_amplicon-sequencing_16s_illumina-1,16S,Microbiota,http://purl.bioontology.org/ontology/NCBITAXON/13613,NCBITAXON,Skin Tissue,http://ncicb.nci.nih.gov/xml/owl/EVS/Thesaurus.owlC33563,NCIT,GeneLab Processed Diversity Amplicon Files
OSD-487,GLDS-487_amplicon-sequencing_16s_illumina-1,16S,Microbiota,http://purl.bioontology.org/ontology/NCBITAXON/13613,NCBITAXON,Biofilms,http://purl.bioontology.org/ontology/MESH/D018441,MESH,GeneLab Processed Diversity Amplicon Files
OSD-487,GLDS-487_amplicon-sequencing_16s_illumina-1,16S,Microbiota,http://purl.bioontology.org/ontology/NCBITAXON/13613,NCBITAXON,Skin swab,http://purl.bioontology.org/ontology/SNOMEDCT/258503004,SNOMEDCT,GeneLab Processed Diversity Amplicon Files
OSD-487,GLDS-487_amplicon-sequencing_16s_illumina-1,16S,Microbiota,http://purl.bioontology.org/ontology/NCBITAXON/13613,NCBITAXON,Not Applicable,http://ncicb.nci.nih.gov/xml/owl/EVS/Thesaurus.owlC48660,NCIT,GeneLab Processed Diversity Amplicon Files
OSD-498,GLDS-498_transcription-profiling_rna-sequencing-(rna-seq)_illumina,RNA Sequencing (RNA-Seq),Arabidopsis thaliana,http://purl.bioontology.org/ontology/NCBITAXON/3702,NCBITAXON,Seedlings,http://purl.bioontology.org/ontology/MESH/D036226,MESH,GeneLab Processed RNA-Seq Files
OSD-502,GLDS-502_transcription-profiling_rna-sequencing-(rna-seq)_illumina,RNA Sequencing (RNA-Seq),Arabidopsis thaliana,http://purl.bioontology.org/ontology/NCBITAXON/3702,NCBITAXON,Seedlings,http://purl.bioontology.org/ontology/MESH/D036226,MESH,GeneLab Processed RNA-Seq Files
OSD-508,GLDS-508_transcription-profiling_rna-sequencing-(rna-seq)_illumina,RNA Sequencing (RNA-Seq),Arabidopsis thaliana,http://purl.bioontology.org/ontology/NCBITAXON/3702,NCBITAXON,Seedlings,http://purl.bioontology.org/ontology/MESH/D036226,MESH,GeneLab Processed RNA-Seq Files
OSD-510,GLDS-510_transcription-profiling_rna-sequencing-(rna-seq)_illumina,RNA Sequencing (RNA-Seq),Arabidopsis thaliana,http://purl.bioontology.org/ontology/NCBITAXON/3702,NCBITAXON,Seedlings,http://purl.bioontology.org/ontology/MESH/D036226,MESH,GeneLab Processed RNA-Seq Files
OSD-511,OSD-511_transcription-profiling_rna-sequencing-(rna-seq)_illumina,RNA Sequencing (RNA-Seq),Mus musculus,http://purl.bioontology.org/ontology/NCBITAXON/10090,NCBITAXON,mammary gland,http://purl.obolibrary.org/obo/UBERON_0001911,EFO,GeneLab Processed RNA-Seq Files
OSD-513,OSD-513_transcription-profiling_rna-sequencing-(rna-seq)_illumina,RNA Sequencing (RNA-Seq),Mus musculus,http://purl.bioontology.org/ontology/NCBITAXON/10090,NCBITAXON,Left kidney,http://purl.org/sig/ont/fma/fma7205,FMA,GeneLab Processed RNA-Seq Files
OSD-514,OSD-514_protein-expression-profiling_mass-spectrometry_orbitrap-fusion,mass spectrometry,Drosophila melanogaster,http://purl.bioontology.org/ontology/NCBITAXON/7227,NCBITAXON,head,http://purl.obolibrary.org/obo/UBERON_0000033,RBO,GeneLab Processed RNA-Seq Files
OSD-514,OSD-514_transcription-profiling_rna-sequencing-(rna-seq)_illumina,RNA Sequencing (RNA-Seq),Drosophila melanogaster,http://purl.bioontology.org/ontology/NCBITAXON/7227,NCBITAXON,head,http://purl.obolibrary.org/obo/UBERON_0000033,RBO,GeneLab Processed RNA-Seq Files
OSD-515,GLDS-515_transcription-profiling_rna-sequencing-(rna-seq)_illumina,RNA Sequencing (RNA-Seq),Mus musculus,http://purl.bioontology.org/ontology/NCBITAXON/10090,NCBITAXON,thymus,http://purl.obolibrary.org/obo/UBERON_0002370,EFO,GeneLab Processed RNA-Seq Files
OSD-519,GLDS-519_transcription-profiling_rna-sequencing-(rna-seq)_illumina,RNA Sequencing (RNA-Seq),Arabidopsis thaliana,http://purl.bioontology.org/ontology/NCBITAXON/3702,NCBITAXON,,,,GeneLab Processed RNA-Seq Files
OSD-520,GLDS-520_dna-methylation-profiling_bisulfite-sequencing_illumina-1,Bisulfite sequencing,Arabidopsis thaliana,http://purl.bioontology.org/ontology/NCBITAXON/3702,NCBITAXON,rosette,http://purl.obolibrary.org/obo/PO_0025615,EFO,GeneLab Processed Whole Genome Bisulfite-Seq Files
OSD-524,OSD-524_dna-methylation-profiling_bisulfite-sequencing_illumina,Bisulfite sequencing,Danio rerio,http://purl.bioontology.org/ontology/NCBITAXON/7955,NCBITAXON,whole embryos,https://genelab-data.ndc.nasa.gov/,GLDS,GeneLab Processed Whole Genome Bisulfite-Seq Files
OSD-525,OSD-525_transcription-profiling_rna-sequencing-(rna-seq)_illumina,RNA Sequencing (RNA-Seq),Mus musculus,http://purl.bioontology.org/ontology/NCBITAXON/10090,NCBITAXON,Cerebellum,http://purl.bioontology.org/ontology/MESH/D002531,MESH,GeneLab Processed RNA-Seq Files
OSD-528,GLDS-528_transcription-profiling_rna-sequencing-(rna-seq)_illumina,RNA Sequencing (RNA-Seq),Mycobacterium marinum,http://purl.bioontology.org/ontology/NCBITAXON/1781,NCBITAXON,Cells,http://purl.bioontology.org/ontology/MESH/D002477,MESH,GeneLab Processed RNA-Seq Files
OSD-532,OSD-532_transcription-profiling_rna-sequencing-(rna-seq)_Illumina,RNA Sequencing (RNA-Seq),Mus musculus,http://purl.bioontology.org/ontology/NCBITAXON/10090,NCBITAXON,Plasma,http://purl.bioontology.org/ontology/MESH/D010949,MESH,GeneLab Processed RNA-Seq Files
OSD-539,OSD-539_transcription-profiling_rna-sequencing-(rna-seq)_illumina,RNA Sequencing (RNA-Seq),Homo sapiens,http://purl.bioontology.org/ontology/NCBITAXON/9606,NCBITAXON,human engineered cartilage,https://genelab-data.ndc.nasa.gov/,GLDS,GeneLab Processed RNA-Seq Files
OSD-540,OSD-540_transcription-profiling_rna-sequencing-(rna-seq)_illumina,RNA Sequencing (RNA-Seq),Homo sapiens,http://purl.bioontology.org/ontology/NCBITAXON/9606,NCBITAXON,Vastus Lateralis,http://ncicb.nci.nih.gov/xml/owl/EVS/Thesaurus.owlC53073,NCIT,GeneLab Processed RNA-Seq Files
OSD-542,OSD-542_transcription-profiling_dna-microarray_agilent,DNA microarray,Homo sapiens,http://purl.bioontology.org/ontology/NCBITAXON/9606,NCBITAXON,Whole Blood,http://ncicb.nci.nih.gov/xml/owl/EVS/Thesaurus.owlC41067,NCIT,GeneLab Processed Microarray Data Files
OSD-546,OSD-546_transcription-profiling_dna-microarray_affymetrix,DNA microarray,Homo sapiens,http://purl.bioontology.org/ontology/NCBITAXON/9606,NCBITAXON,Cells,http://purl.bioontology.org/ontology/MESH/D002477,MESH,GeneLab Processed Microarray Data Files
OSD-547,OSD-547_transcription-profiling_dna-microarray_affymetrix,DNA microarray,Mus musculus,http://purl.bioontology.org/ontology/NCBITAXON/10090,NCBITAXON,Cells,http://purl.bioontology.org/ontology/MESH/D002477,MESH,GeneLab Processed Microarray Data Files
OSD-548,OSD-548_transcription-profiling_dna-microarray_agilent,DNA microarray,Mus musculus,http://purl.bioontology.org/ontology/NCBITAXON/10090,NCBITAXON,cardiac muscle tissue,http://purl.obolibrary.org/obo/UBERON_0001133,RBO,GeneLab Processed Microarray Data Files
OSD-554,OSD-554_transcription-profiling_rna-sequencing-(rna-seq)_illumina,RNA Sequencing (RNA-Seq),Pseudomonas aeruginosa,http://purl.bioontology.org/ontology/NCBITAXON/287,NCBITAXON,Cells,http://purl.bioontology.org/ontology/MESH/D002477,MESH,GeneLab Processed RNA-Seq Files
OSD-561,OSD-561_transcription-profiling_spatial-transcriptomics_illumina,spatial transcriptomics,Mus musculus,http://purl.bioontology.org/ontology/NCBITAXON/10090,NCBITAXON,right cerebral hemisphere,http://purl.obolibrary.org/obo/UBERON_0002813,OBI,GeneLab Processed Spatial Transcriptomics Data Files
OSD-562,OSD-562_transcription-profiling_spatial-transcriptomics_illumina,spatial transcriptomics,Mus musculus,http://purl.bioontology.org/ontology/NCBITAXON/10090,NCBITAXON,Right hippocampus,http://purl.org/sig/ont/fma/fma275022,FMA,GeneLab Processed Spatial Transcriptomics Data Files
OSD-563,OSD-563_transcription-profiling_spatial-transcriptomics_illumina,spatial transcriptomics,Mus musculus,http://purl.bioontology.org/ontology/NCBITAXON/10090,NCBITAXON,right cerebral hemisphere,http://purl.obolibrary.org/obo/UBERON_0002813,OBI,GeneLab Processed Spatial Transcriptomics Data Files
OSD-564,OSD-564_transcription-profiling_spatial-transcriptomics_illumina,spatial transcriptomics,Mus musculus,http://purl.bioontology.org/ontology/NCBITAXON/10090,NCBITAXON,Right hippocampus,http://purl.org/sig/ont/fma/fma275022,FMA,GeneLab Processed Spatial Transcriptomics Data Files
OSD-576,OSD-576_transcription-profiling_rna-sequencing-(rna-seq)_illumina,RNA Sequencing (RNA-Seq),Mus musculus,http://purl.bioontology.org/ontology/NCBITAXON/10090,NCBITAXON,Right tibialis anterior,http://purl.org/sig/ont/fma/fma22544,FMA,GeneLab Processed RNA-Seq Files
OSD-580,OSD-580_transcription-profiling_rna-sequencing-(rna-seq)_illumina,RNA Sequencing (RNA-Seq),Mus musculus,http://purl.bioontology.org/ontology/NCBITAXON/10090,NCBITAXON,Heart,http://purl.org/sig/ont/fma/fma7088,FMA,GeneLab Processed RNA-Seq Files
OSD-580,OSD-580_transcription-profiling_rna-sequencing-(rna-seq)_illumina,RNA Sequencing (RNA-Seq),Mus musculus,http://purl.bioontology.org/ontology/NCBITAXON/10090,NCBITAXON,heart right ventricle,http://purl.obolibrary.org/obo/UBERON_0002080,EFO,GeneLab Processed RNA-Seq Files
OSD-580,OSD-580_transcription-profiling_rna-sequencing-(rna-seq)_illumina,RNA Sequencing (RNA-Seq),Mus musculus,http://purl.bioontology.org/ontology/NCBITAXON/10090,NCBITAXON,heart right ventricle,http://purl.obolibrary.org/obo/UBERON_0002080,RBO,GeneLab Processed RNA-Seq Files
OSD-612,OSD-612_chromatin-accessibility_single-cell-atac-seq_illumina,single-cell ATAC-seq,Mus musculus,http://purl.bioontology.org/ontology/NCBITAXON/10090,NCBITAXON,Left cerebral hemisphere,http://purl.org/sig/ont/fma/fma61819,FMA,GeneLab Processed snATACseq Data Files|GeneLab Processed snRNAseq Files
OSD-612,OSD-612_transcription-profiling_single-cell-rna-sequencing_illumina,single-cell RNA sequencing,Mus musculus,http://purl.bioontology.org/ontology/NCBITAXON/10090,NCBITAXON,Left cerebral hemisphere,http://purl.org/sig/ont/fma/fma61819,FMA,GeneLab Processed snATACseq Data Files|GeneLab Processed snRNAseq Files
OSD-613,OSD-613_chromatin-accessibility_single-cell-atac-seq_illumina,single-cell ATAC-seq,Mus musculus,http://purl.bioontology.org/ontology/NCBITAXON/10090,NCBITAXON,Left cerebral hemisphere,http://purl.org/sig/ont/fma/fma61819,FMA,GeneLab Processed snATACseq Data Files|GeneLab Processed snRNAseq Files
OSD-613,OSD-613_transcription-profiling_single-cell-rna-sequencing_illumina,single-cell RNA sequencing,Mus musculus,http://purl.bioontology.org/ontology/NCBITAXON/10090,NCBITAXON,Left cerebral hemisphere,http://purl.org/sig/ont/fma/fma61819,FMA,GeneLab Processed snATACseq Data Files|GeneLab Processed snRNAseq Files
OSD-658,OSD-658_transcription-profiling_rna-sequencing-(rna-seq)_illumina,RNA Sequencing (RNA-Seq),Arabidopsis thaliana,http://purl.bioontology.org/ontology/NCBITAXON/3702,NCBITAXON,Whole Organism,http://purl.obolibrary.org/obo/NCIT_C13413,NCIT,GeneLab Processed RNA-Seq Files
OSD-665,OSD-665_transcription-profiling_rna-sequencing-(rna-seq)_illumina,RNA Sequencing (RNA-Seq),Mus musculus,http://purl.bioontology.org/ontology/NCBITAXON/10090,NCBITAXON,Right extensor digitorum longus,http://purl.org/sig/ont/fma/fma22548,FMA,GeneLab Processed RNA-Seq Files
OSD-666,OSD-666_transcription-profiling_rna-sequencing-(rna-seq)_illumina,RNA Sequencing (RNA-Seq),Mus musculus,http://purl.bioontology.org/ontology/NCBITAXON/10090,NCBITAXON,Right quadriceps femoris,http://purl.org/sig/ont/fma/fma22444,FMA,GeneLab Processed RNA-Seq Files
OSD-667,OSD-667_transcription-profiling_rna-sequencing-(rna-seq)_illumina,RNA Sequencing (RNA-Seq),Mus musculus,http://purl.bioontology.org/ontology/NCBITAXON/10090,NCBITAXON,Colon,http://purl.bioontology.org/ontology/MESH/D003106,MESH,GeneLab Processed RNA-Seq Files
